{"./artifacts/lead_model_xgboost.json": {"0.0": {"precision": 0.7995810055865922, "recall": 0.8628485305199699, "f1-score": 0.8300108735048931, "support": 1327.0}, "1.0": {"precision": 0.8289473684210527, "recall": 0.7544910179640718, "f1-score": 0.7899686520376176, "support": 1169.0}, "accuracy": 0.8120993589743589, "macro avg": {"precision": 0.8142641870038224, "recall": 0.8086697742420208, "f1-score": 0.8099897627712553, "support": 2496.0}, "weighted avg": {"precision": 0.8133347227955201, "recall": 0.8120993589743589, "f1-score": 0.8112571247487853, "support": 2496.0}}, "./artifacts/lead_model_lr.pkl": {"0.0": {"precision": 0.7582417582417582, "recall": 0.8808510638297873, "f1-score": 0.8149606299212598, "support": 235.0}, "1.0": {"precision": 0.8333333333333334, "recall": 0.6796116504854369, "f1-score": 0.7486631016042781, "support": 206.0}, "accuracy": 0.7868480725623582, "macro avg": {"precision": 0.7957875457875458, "recall": 0.780231357157612, "f1-score": 0.781811865762769, "support": 441.0}, "weighted avg": {"precision": 0.7933185484205891, "recall": 0.7868480725623582, "f1-score": 0.7839917164670689, "support": 441.0}}}