{"xg_boost": {"0": {"precision": 0.8118006103763988, "recall": 0.8525641025641025, "f1-score": 0.8316831683168316, "support": 936.0}, "1": {"precision": 0.823076923076923, "recall": 0.7762998790810157, "f1-score": 0.7990043559427504, "support": 827.0}, "accuracy": 0.8167895632444696, "macro avg": {"precision": 0.8174387667266609, "recall": 0.8144319908225591, "f1-score": 0.815343762129791, "support": 1763.0}, "weighted avg": {"precision": 0.817090179635238, "recall": 0.8167895632444696, "f1-score": 0.8163539693188934, "support": 1763.0}}, "log_reg": {"0": {"precision": 0.814852492370295, "recall": 0.8557692307692307, "f1-score": 0.8348097967691506, "support": 936.0}, "1": {"precision": 0.8269230769230769, "recall": 0.7799274486094316, "f1-score": 0.8027380211574362, "support": 827.0}, "accuracy": 0.8201928530913216, "macro avg": {"precision": 0.820887784646686, "recall": 0.8178483396893312, "f1-score": 0.8187739089632934, "support": 1763.0}, "weighted avg": {"precision": 0.8205146440578449, "recall": 0.8201928530913216, "f1-score": 0.8197653506937745, "support": 1763.0}}}