{"xg_boost": {"0": {"precision": 0.8282402528977871, "recall": 0.8397435897435898, "f1-score": 0.8339522546419098, "support": 936.0}, "1": {"precision": 0.8157248157248157, "recall": 0.8029020556227328, "f1-score": 0.8092626447288239, "support": 827.0}, "accuracy": 0.8224617129892229, "macro avg": {"precision": 0.8219825343113014, "recall": 0.8213228226831613, "f1-score": 0.8216074496853669, "support": 1763.0}, "weighted avg": {"precision": 0.8223694267253269, "recall": 0.8224617129892229, "f1-score": 0.8223706849322546, "support": 1763.0}}, "log_reg": {"0": {"precision": 0.8115501519756839, "recall": 0.8557692307692307, "f1-score": 0.8330733229329174, "support": 936.0}, "1": {"precision": 0.8260309278350515, "recall": 0.7750906892382105, "f1-score": 0.7997504678727386, "support": 827.0}, "accuracy": 0.8179239931934204, "macro avg": {"precision": 0.8187905399053677, "recall": 0.8154299600037206, "f1-score": 0.816411895402828, "support": 1763.0}, "weighted avg": {"precision": 0.8183428925518024, "recall": 0.8179239931934204, "f1-score": 0.8174420120226691, "support": 1763.0}}}