{"xg_boost": {"0": {"precision": 0.8279118572927597, "recall": 0.842948717948718, "f1-score": 0.8353626257278983, "support": 936.0}, "1": {"precision": 0.8185185185185185, "recall": 0.8016928657799275, "f1-score": 0.8100183262064753, "support": 827.0}, "accuracy": 0.8235961429381735, "macro avg": {"precision": 0.8232151879056391, "recall": 0.8223207918643227, "f1-score": 0.8226904759671868, "support": 1763.0}, "weighted avg": {"precision": 0.8235055662171514, "recall": 0.8235961429381735, "f1-score": 0.8234739497754213, "support": 1763.0}}, "log_reg": {"0": {"precision": 0.8136456211812627, "recall": 0.8536324786324786, "f1-score": 0.8331595411887383, "support": 936.0}, "1": {"precision": 0.8245838668373879, "recall": 0.7787182587666264, "f1-score": 0.8009950248756219, "support": 827.0}, "accuracy": 0.8184912081678957, "macro avg": {"precision": 0.8191147440093254, "recall": 0.8161753686995525, "f1-score": 0.8170772830321801, "support": 1763.0}, "weighted avg": {"precision": 0.8187766076575053, "recall": 0.8184912081678957, "f1-score": 0.8180715916760058, "support": 1763.0}}}