{"./artifacts/lead_model_xgboost.json": {"0.0": {"precision": 0.8181154127100073, "recall": 0.8440090429540317, "f1-score": 0.8308605341246291, "support": 1327.0}, "1.0": {"precision": 0.8163265306122449, "recall": 0.7869974337040205, "f1-score": 0.8013937282229965, "support": 1169.0}, "accuracy": 0.8173076923076923, "macro avg": {"precision": 0.8172209716611261, "recall": 0.8155032383290262, "f1-score": 0.8161271311738127, "support": 2496.0}, "weighted avg": {"precision": 0.8172775909262395, "recall": 0.8173076923076923, "f1-score": 0.8170597744695777, "support": 2496.0}}, "./artifacts/lead_model_lr.pkl": {"0.0": {"precision": 0.7601476014760148, "recall": 0.8765957446808511, "f1-score": 0.8142292490118577, "support": 235.0}, "1.0": {"precision": 0.8294117647058824, "recall": 0.6844660194174758, "f1-score": 0.75, "support": 206.0}, "accuracy": 0.7868480725623582, "macro avg": {"precision": 0.7947796830909486, "recall": 0.7805308820491634, "f1-score": 0.7821146245059288, "support": 441.0}, "weighted avg": {"precision": 0.7925022899688782, "recall": 0.7868480725623582, "f1-score": 0.7842264705618743, "support": 441.0}}}