{
  "0": {
    "precision": 0.8269696405289626,
    "recall": 0.8369462770970783,
    "f1-score": 0.8319280494659921,
    "support": 5305.0
  },
  "1": {
    "precision": 0.8128110798528457,
    "recall": 0.8017075773745997,
    "f1-score": 0.8072211476466795,
    "support": 4685.0
  },
  "accuracy": 0.8204204204204204,
  "macro avg": {
    "precision": 0.8198903601909042,
    "recall": 0.819326927235839,
    "f1-score": 0.8195745985563359,
    "support": 9990.0
  },
  "weighted avg": {
    "precision": 0.8203297149265996,
    "recall": 0.8204204204204204,
    "f1-score": 0.8203412791933715,
    "support": 9990.0
  }
}