{
  "0": {
    "precision": 0.8277310924369747,
    "recall": 0.8418803418803419,
    "f1-score": 0.8347457627118644,
    "support": 936.0
  },
  "1": {
    "precision": 0.8175092478421702,
    "recall": 0.8016928657799275,
    "f1-score": 0.8095238095238095,
    "support": 827.0
  },
  "accuracy": 0.8230289279636982,
  "macro avg": {
    "precision": 0.8226201701395724,
    "recall": 0.8217866038301347,
    "f1-score": 0.822134786117837,
    "support": 1763.0
  },
  "weighted avg": {
    "precision": 0.8229361602305633,
    "recall": 0.8230289279636982,
    "f1-score": 0.822914477807428,
    "support": 1763.0
  }
}