{
  "precision": 0.7573529411764706,
  "recall": 0.8765957446808511,
  "f1-score": 0.8126232741617357,
  "support": 235.0
}