{
  "0": {
    "precision": 0.8275154004106776,
    "recall": 0.835626767200754,
    "f1-score": 0.8315513036953667,
    "support": 5305.0
  },
  "1": {
    "precision": 0.8117850205050723,
    "recall": 0.8027748132337247,
    "f1-score": 0.8072547757029406,
    "support": 4685.0
  },
  "accuracy": 0.8202202202202202,
  "macro avg": {
    "precision": 0.8196502104578749,
    "recall": 0.8192007902172393,
    "f1-score": 0.8194030396991536,
    "support": 9990.0
  },
  "weighted avg": {
    "precision": 0.8201383403648558,
    "recall": 0.8202202202202202,
    "f1-score": 0.820156986013233,
    "support": 9990.0
  }
}