{
  "0": {
    "precision": 0.827123695976155,
    "recall": 0.8369462770970783,
    "f1-score": 0.8320059964396139,
    "support": 5305.0
  },
  "1": {
    "precision": 0.8128515794028559,
    "recall": 0.8019210245464248,
    "f1-score": 0.8073493069732459,
    "support": 4685.0
  },
  "accuracy": 0.8205205205205205,
  "macro avg": {
    "precision": 0.8199876376895054,
    "recall": 0.8194336508217515,
    "f1-score": 0.8196776517064299,
    "support": 9990.0
  },
  "weighted avg": {
    "precision": 0.8204305161817699,
    "recall": 0.8205205205205205,
    "f1-score": 0.8204427742023832,
    "support": 9990.0
  }
}