{
  "0": {
    "precision": 0.8297792742237187,
    "recall": 0.8361922714420358,
    "f1-score": 0.8329734297249085,
    "support": 5305.0
  },
  "1": {
    "precision": 0.8128768303186907,
    "recall": 0.8057630736392742,
    "f1-score": 0.8093043198627934,
    "support": 4685.0
  },
  "accuracy": 0.8219219219219219,
  "macro avg": {
    "precision": 0.8213280522712048,
    "recall": 0.820977672540655,
    "f1-score": 0.821138874793851,
    "support": 9990.0
  },
  "weighted avg": {
    "precision": 0.8218525525325219,
    "recall": 0.8219219219219219,
    "f1-score": 0.8218733516764591,
    "support": 9990.0
  }
}