{
  "precision": 0.814852492370295,
  "recall": 0.8557692307692307,
  "f1-score": 0.8348097967691506,
  "support": 936.0
}