{
  "0": {
    "precision": 0.8178371547210688,
    "recall": 0.8539114043355325,
    "f1-score": 0.8354850608631501,
    "support": 5305.0
  },
  "1": {
    "precision": 0.825881824309144,
    "recall": 0.784631803628602,
    "f1-score": 0.8047285464098074,
    "support": 4685.0
  },
  "accuracy": 0.8214214214214214,
  "macro avg": {
    "precision": 0.8218594895151063,
    "recall": 0.8192716039820672,
    "f1-score": 0.8201068036364787,
    "support": 9990.0
  },
  "weighted avg": {
    "precision": 0.8216098551234845,
    "recall": 0.8214214214214214,
    "f1-score": 0.8210612099908867,
    "support": 9990.0
  }
}