{
  "precision": 0.8115501519756839,
  "recall": 0.8557692307692307,
  "f1-score": 0.8330733229329174,
  "support": 936.0
}