{
  "0": {
    "precision": 0.814852492370295,
    "recall": 0.8557692307692307,
    "f1-score": 0.8348097967691506,
    "support": 936.0
  },
  "1": {
    "precision": 0.8269230769230769,
    "recall": 0.7799274486094316,
    "f1-score": 0.8027380211574362,
    "support": 827.0
  },
  "accuracy": 0.8201928530913216,
  "macro avg": {
    "precision": 0.820887784646686,
    "recall": 0.8178483396893312,
    "f1-score": 0.8187739089632934,
    "support": 1763.0
  },
  "weighted avg": {
    "precision": 0.8205146440578449,
    "recall": 0.8201928530913216,
    "f1-score": 0.8197653506937745,
    "support": 1763.0
  }
}