{
  "0": {
    "precision": 0.8286014721345951,
    "recall": 0.8418803418803419,
    "f1-score": 0.8351881293057764,
    "support": 936.0
  },
  "1": {
    "precision": 0.8177339901477833,
    "recall": 0.8029020556227328,
    "f1-score": 0.8102501525320317,
    "support": 827.0
  },
  "accuracy": 0.8235961429381735,
  "macro avg": {
    "precision": 0.8231677311411891,
    "recall": 0.8223911987515373,
    "f1-score": 0.8227191409189041,
    "support": 1763.0
  },
  "weighted avg": {
    "precision": 0.8235036799604071,
    "recall": 0.8235961429381735,
    "f1-score": 0.8234900539842297,
    "support": 1763.0
  }
}