{
  "0": {
    "precision": 0.75,
    "recall": 0.8936170212765957,
    "f1-score": 0.8155339805825242,
    "support": 235.0
  },
  "1": {
    "precision": 0.84472049689441,
    "recall": 0.6601941747572816,
    "f1-score": 0.7411444141689373,
    "support": 206.0
  },
  "accuracy": 0.7845804988662132,
  "macro avg": {
    "precision": 0.797360248447205,
    "recall": 0.7769055980169386,
    "f1-score": 0.7783391973757308,
    "support": 441.0
  },
  "weighted avg": {
    "precision": 0.7942458556921734,
    "recall": 0.7845804988662132,
    "f1-score": 0.7807851128247035,
    "support": 441.0
  }
}