{
  "0": {
    "precision": 0.8279118572927597,
    "recall": 0.842948717948718,
    "f1-score": 0.8353626257278983,
    "support": 936.0
  },
  "1": {
    "precision": 0.8185185185185185,
    "recall": 0.8016928657799275,
    "f1-score": 0.8100183262064753,
    "support": 827.0
  },
  "accuracy": 0.8235961429381735,
  "macro avg": {
    "precision": 0.8232151879056391,
    "recall": 0.8223207918643227,
    "f1-score": 0.8226904759671868,
    "support": 1763.0
  },
  "weighted avg": {
    "precision": 0.8235055662171514,
    "recall": 0.8235961429381735,
    "f1-score": 0.8234739497754213,
    "support": 1763.0
  }
}