{
  "0.0": {
    "precision": 0.7573529411764706,
    "recall": 0.8765957446808511,
    "f1-score": 0.8126232741617357,
    "support": 235.0
  },
  "1.0": {
    "precision": 0.8284023668639053,
    "recall": 0.6796116504854369,
    "f1-score": 0.7466666666666667,
    "support": 206.0
  },
  "accuracy": 0.7845804988662132,
  "macro avg": {
    "precision": 0.792877654020188,
    "recall": 0.778103697583144,
    "f1-score": 0.7796449704142012,
    "support": 441.0
  },
  "weighted avg": {
    "precision": 0.7905415617923699,
    "recall": 0.7845804988662132,
    "f1-score": 0.7818136117037215,
    "support": 441.0
  }
}