{
  "0": {
    "precision": 0.8118006103763988,
    "recall": 0.8525641025641025,
    "f1-score": 0.8316831683168316,
    "support": 936.0
  },
  "1": {
    "precision": 0.823076923076923,
    "recall": 0.7762998790810157,
    "f1-score": 0.7990043559427504,
    "support": 827.0
  },
  "accuracy": 0.8167895632444696,
  "macro avg": {
    "precision": 0.8174387667266609,
    "recall": 0.8144319908225591,
    "f1-score": 0.815343762129791,
    "support": 1763.0
  },
  "weighted avg": {
    "precision": 0.817090179635238,
    "recall": 0.8167895632444696,
    "f1-score": 0.8163539693188934,
    "support": 1763.0
  }
}