{
  "0": {
    "precision": 0.8075842696629213,
    "recall": 0.8666164280331575,
    "f1-score": 0.8360596146855689,
    "support": 1327.0
  },
  "1": {
    "precision": 0.8348880597014925,
    "recall": 0.7656116338751069,
    "f1-score": 0.7987505577867023,
    "support": 1169.0
  },
  "accuracy": 0.8193108974358975,
  "macro avg": {
    "precision": 0.8212361646822068,
    "recall": 0.8161140309541322,
    "f1-score": 0.8174050862361356,
    "support": 2496.0
  },
  "weighted avg": {
    "precision": 0.8203719822250566,
    "recall": 0.8193108974358975,
    "f1-score": 0.8185859418030469,
    "support": 2496.0
  }
}