{
  "0": {
    "precision": 0.8282402528977871,
    "recall": 0.8397435897435898,
    "f1-score": 0.8339522546419098,
    "support": 936.0
  },
  "1": {
    "precision": 0.8157248157248157,
    "recall": 0.8029020556227328,
    "f1-score": 0.8092626447288239,
    "support": 827.0
  },
  "accuracy": 0.8224617129892229,
  "macro avg": {
    "precision": 0.8219825343113014,
    "recall": 0.8213228226831613,
    "f1-score": 0.8216074496853669,
    "support": 1763.0
  },
  "weighted avg": {
    "precision": 0.8223694267253269,
    "recall": 0.8224617129892229,
    "f1-score": 0.8223706849322546,
    "support": 1763.0
  }
}