{
  "0": {
    "precision": 0.8292939936775553,
    "recall": 0.8408119658119658,
    "f1-score": 0.8350132625994695,
    "support": 936.0
  },
  "1": {
    "precision": 0.816953316953317,
    "recall": 0.8041112454655381,
    "f1-score": 0.8104814137720902,
    "support": 827.0
  },
  "accuracy": 0.8235961429381735,
  "macro avg": {
    "precision": 0.8231236553154362,
    "recall": 0.8224616056387519,
    "f1-score": 0.8227473381857798,
    "support": 1763.0
  },
  "weighted avg": {
    "precision": 0.8235051453219426,
    "recall": 0.8235961429381735,
    "f1-score": 0.8235056965301316,
    "support": 1763.0
  }
}