{
  "precision": 0.8136456211812627,
  "recall": 0.8536324786324786,
  "f1-score": 0.8331595411887383,
  "support": 936.0
}