{
  "0": {
    "precision": 0.8291139240506329,
    "recall": 0.8397435897435898,
    "f1-score": 0.8343949044585988,
    "support": 936.0
  },
  "1": {
    "precision": 0.8159509202453987,
    "recall": 0.8041112454655381,
    "f1-score": 0.8099878197320342,
    "support": 827.0
  },
  "accuracy": 0.8230289279636982,
  "macro avg": {
    "precision": 0.8225324221480158,
    "recall": 0.8219274176045639,
    "f1-score": 0.8221913620953165,
    "support": 1763.0
  },
  "weighted avg": {
    "precision": 0.8229393329292894,
    "recall": 0.8230289279636982,
    "f1-score": 0.8229458635800571,
    "support": 1763.0
  }
}