{
  "0": {
    "precision": 0.8302555493378101,
    "recall": 0.8390197926484448,
    "f1-score": 0.8346146634164635,
    "support": 5305.0
  },
  "1": {
    "precision": 0.8155109094836898,
    "recall": 0.8057630736392742,
    "f1-score": 0.8106076873523728,
    "support": 4685.0
  },
  "accuracy": 0.8234234234234235,
  "macro avg": {
    "precision": 0.82288322941075,
    "recall": 0.8223914331438595,
    "f1-score": 0.8226111753844181,
    "support": 9990.0
  },
  "weighted avg": {
    "precision": 0.8233407707876044,
    "recall": 0.8234234234234235,
    "f1-score": 0.8233561366036242,
    "support": 9990.0
  }
}