{
  "0": {
    "precision": 0.8271167474822827,
    "recall": 0.8360037700282752,
    "f1-score": 0.8315365144839224,
    "support": 5305.0
  },
  "1": {
    "precision": 0.8120138288677614,
    "recall": 0.8021344717182497,
    "f1-score": 0.8070439171051219,
    "support": 4685.0
  },
  "accuracy": 0.8201201201201201,
  "macro avg": {
    "precision": 0.819565288175022,
    "recall": 0.8190691208732624,
    "f1-score": 0.8192902157945221,
    "support": 9990.0
  },
  "weighted avg": {
    "precision": 0.8200339473112084,
    "recall": 0.8201201201201201,
    "f1-score": 0.8200502463438143,
    "support": 9990.0
  }
}