{"./artifacts/lead_model_xgboost.json": {"0.0": {"precision": 0.8188405797101449, "recall": 0.8515448379804069, "f1-score": 0.8348725526413003, "support": 1327.0}, "1.0": {"precision": 0.8234767025089605, "recall": 0.786142001710864, "f1-score": 0.8043763676148796, "support": 1169.0}, "accuracy": 0.8209134615384616, "macro avg": {"precision": 0.8211586411095527, "recall": 0.8188434198456355, "f1-score": 0.81962446012809, "support": 2496.0}, "weighted avg": {"precision": 0.8210119048510967, "recall": 0.8209134615384616, "f1-score": 0.8205896839330128, "support": 2496.0}}, "./artifacts/lead_model_lr.pkl": {"0.0": {"precision": 0.7582417582417582, "recall": 0.8808510638297873, "f1-score": 0.8149606299212598, "support": 235.0}, "1.0": {"precision": 0.8333333333333334, "recall": 0.6796116504854369, "f1-score": 0.7486631016042781, "support": 206.0}, "accuracy": 0.7868480725623582, "macro avg": {"precision": 0.7957875457875458, "recall": 0.780231357157612, "f1-score": 0.781811865762769, "support": 441.0}, "weighted avg": {"precision": 0.7933185484205891, "recall": 0.7868480725623582, "f1-score": 0.7839917164670689, "support": 441.0}}}