{"./artifacts/lead_model_xgboost.json": {"0.0": {"precision": 0.7958333333333333, "recall": 0.8636021100226073, "f1-score": 0.8283339356704011, "support": 1327.0}, "1.0": {"precision": 0.8285984848484849, "recall": 0.7485029940119761, "f1-score": 0.7865168539325843, "support": 1169.0}, "accuracy": 0.8096955128205128, "macro avg": {"precision": 0.8122159090909091, "recall": 0.8060525520172916, "f1-score": 0.8074253948014927, "support": 2496.0}, "weighted avg": {"precision": 0.8111788710421522, "recall": 0.8096955128205128, "f1-score": 0.8087489322443162, "support": 2496.0}}, "./artifacts/lead_model_lr.pkl": {"0.0": {"precision": 0.7573529411764706, "recall": 0.8765957446808511, "f1-score": 0.8126232741617357, "support": 235.0}, "1.0": {"precision": 0.8284023668639053, "recall": 0.6796116504854369, "f1-score": 0.7466666666666667, "support": 206.0}, "accuracy": 0.7845804988662132, "macro avg": {"precision": 0.792877654020188, "recall": 0.778103697583144, "f1-score": 0.7796449704142012, "support": 441.0}, "weighted avg": {"precision": 0.7905415617923699, "recall": 0.7845804988662132, "f1-score": 0.7818136117037215, "support": 441.0}}}