{"./artifacts/lead_model_xgboost.json": {"0.0": {"precision": 0.8153185397279885, "recall": 0.8583270535041447, "f1-score": 0.8362701908957415, "support": 1327.0}, "1.0": {"precision": 0.8289353958143767, "recall": 0.7792985457656116, "f1-score": 0.8033509700176367, "support": 1169.0}, "accuracy": 0.8213141025641025, "macro avg": {"precision": 0.8221269677711827, "recall": 0.8188127996348782, "f1-score": 0.8198105804566891, "support": 2496.0}, "weighted avg": {"precision": 0.8216959855472945, "recall": 0.8213141025641025, "f1-score": 0.8208524948995458, "support": 2496.0}}, "./artifacts/lead_model_lr.pkl": {"0.0": {"precision": 0.7573529411764706, "recall": 0.8765957446808511, "f1-score": 0.8126232741617357, "support": 235.0}, "1.0": {"precision": 0.8284023668639053, "recall": 0.6796116504854369, "f1-score": 0.7466666666666667, "support": 206.0}, "accuracy": 0.7845804988662132, "macro avg": {"precision": 0.792877654020188, "recall": 0.778103697583144, "f1-score": 0.7796449704142012, "support": 441.0}, "weighted avg": {"precision": 0.7905415617923699, "recall": 0.7845804988662132, "f1-score": 0.7818136117037215, "support": 441.0}}}