{"./artifacts/lead_model_xgboost.json": {"0.0": {"precision": 0.8086463501063076, "recall": 0.8598342125094197, "f1-score": 0.83345507669832, "support": 1327.0}, "1.0": {"precision": 0.8285714285714286, "recall": 0.7690333618477331, "f1-score": 0.7976929902395741, "support": 1169.0}, "accuracy": 0.8173076923076923, "macro avg": {"precision": 0.8186088893388681, "recall": 0.8144337871785764, "f1-score": 0.815574033468947, "support": 2496.0}, "weighted avg": {"precision": 0.8179782478329608, "recall": 0.8173076923076923, "f1-score": 0.8167059264297808, "support": 2496.0}}, "./artifacts/lead_model_lr.pkl": {"0.0": {"precision": 0.7573529411764706, "recall": 0.8765957446808511, "f1-score": 0.8126232741617357, "support": 235.0}, "1.0": {"precision": 0.8284023668639053, "recall": 0.6796116504854369, "f1-score": 0.7466666666666667, "support": 206.0}, "accuracy": 0.7845804988662132, "macro avg": {"precision": 0.792877654020188, "recall": 0.778103697583144, "f1-score": 0.7796449704142012, "support": 441.0}, "weighted avg": {"precision": 0.7905415617923699, "recall": 0.7845804988662132, "f1-score": 0.7818136117037215, "support": 441.0}}}