,Count,Missing,Mean,Min,Max
purchases,2937.0,2937.0,0.49510406723449163,0.019942835595689823,0.9719090732143663
time_spent,2937.0,2937.0,0.5005426599536668,0.024930252318079382,0.9762161787187902
n_visits,2937.0,2937.0,0.3675357629197669,0.0,0.9528584798831987
