{"./artifacts/lead_model_xgboost.json": {"./artifacts/lead_model_xgboost.json": {"0.0": {"precision": 0.8226744186046512, "recall": 0.853051996985682, "f1-score": 0.8375878653348132, "support": 1327.0}, "1.0": {"precision": 0.8258928571428571, "recall": 0.7912745936698032, "f1-score": 0.8082131935342944, "support": 1169.0}, "accuracy": 0.8241185897435898, "macro avg": {"precision": 0.8242836378737541, "recall": 0.8221632953277427, "f1-score": 0.8229005294345538, "support": 2496.0}, "weighted avg": {"precision": 0.8241817722309184, "recall": 0.8241185897435898, "f1-score": 0.8238302566269581, "support": 2496.0}}}, "./artifacts/lead_model_lr.pkl": {"0.0": {"precision": 0.7573529411764706, "recall": 0.8765957446808511, "f1-score": 0.8126232741617357, "support": 235.0}, "1.0": {"precision": 0.8284023668639053, "recall": 0.6796116504854369, "f1-score": 0.7466666666666667, "support": 206.0}, "accuracy": 0.7845804988662132, "macro avg": {"precision": 0.792877654020188, "recall": 0.778103697583144, "f1-score": 0.7796449704142012, "support": 441.0}, "weighted avg": {"precision": 0.7905415617923699, "recall": 0.7845804988662132, "f1-score": 0.7818136117037215, "support": 441.0}}}